{
    "name": "Lily58 RE",
    "lighting": "none",
    "matrix": { "rows": 10, "cols": 6 },
    "layouts": {
        "keymap": [
  [
    {
      "x": 3.5,
      "f": 8,
      "fa": [
        1
      ]
    },
    "0,3",
    {
      "x": 8.5
    },
    "5,3"
  ],
  [
    {
      "y": -0.875,
      "x": 2.5
    },
    "0,2",
    {
      "x": 1
    },
    "0,4",
    {
      "x": 6.5
    },
    "5,4",
    {
      "x": 1
    },
    "5,2"
  ],
  [
    {
      "y": -0.875,
      "x": 5.5
    },
    "0,5",
    {
      "x": 4.5
    },
    "5,5"
  ],
  [
    {
      "y": -0.875,
      "x": 1.5
    },
    "0,1",
    {
      "x": 12.5
    },
    "5,1"
  ],
  [
    {
      "y": -0.875,
      "x": 0.5,
      "f": 9,
      "fa": [
        1
      ]
    },
    "0,0",
    {
      "x": 14.5,
      "f": 6,
      "fa": [
        1
      ]
    },
    "5,0"
  ],
  [
    {
      "y": -0.75,
      "x": 6.65,
      "f": 3
    },
    "0,1\n\n\n\n\n\n\n\n\ne"
  ],
  [
    {
      "y": -0.97,
      "x": 9.82
    },
    "1,1\n\n\n\n\n\n\n\n\ne"
  ],
  [
    {
      "y": -0.78,
      "x": 3.5,
      "f": 8,
      "fa": [
        1
      ]
    },
    "1,3",
    {
      "x": 8.5
    },
    "6,3",
    "6,2"
  ],
  [
    {
      "y": -0.875,
      "x": 2.5
    },
    "1,2",
    {
      "x": 1
    },
    "1,4",
    {
      "x": 6.5
    },
    "6,4"
  ],
  [
    {
      "y": -0.875,
      "x": 5.5
    },
    "1,5",
    {
      "x": 4.5
    },
    "6,5"
  ],
  [
    {
      "y": -0.95,
      "x": 1.5
    },
    "1,1"
  ],
  [
    {
      "y": -0.9249999999999998,
      "x": 15
    },
    "6,1"
  ],
  [
    {
      "y": -0.875,
      "x": 0.5
    },
    "1,0",
    {
      "x": 14.5,
      "f": 6,
      "fa": [
        1
      ]
    },
    "6,0"
  ],
  [
    {
      "y": -0.75,
      "x": 6.65,
      "f": 3
    },
    "0,0\n\n\n\n\n\n\n\n\ne"
  ],
  [
    {
      "y": -0.9299999999999999,
      "x": 9.83
    },
    "1,0\n\n\n\n\n\n\n\n\ne"
  ],
  [
    {
      "y": -0.8200000000000003,
      "x": 3.5,
      "f": 8,
      "fa": [
        1
      ]
    },
    "2,3",
    {
      "x": 8.5
    },
    "7,3",
    "7,2"
  ],
  [
    {
      "y": -0.875,
      "x": 2.5
    },
    "2,2",
    {
      "x": 1,
      "n": true
    },
    "2,4",
    {
      "x": 6.5,
      "n": true
    },
    "7,4"
  ],
  [
    {
      "y": -0.875,
      "x": 5.5
    },
    "2,5",
    {
      "x": 4.5
    },
    "7,5"
  ],
  [
    {
      "y": -0.9500000000000002,
      "x": 1.5
    },
    "2,1"
  ],
  [
    {
      "y": -0.9249999999999998,
      "x": 15
    },
    "7,1"
  ],
  [
    {
      "y": -0.875,
      "x": 0.5,
      "f": 6,
      "fa": [
        1
      ]
    },
    "2,0",
    {
      "x": 14.5
    },
    "7,0"
  ],
  [
    {
      "y": -0.5,
      "x": 3.5,
      "f": 8,
      "fa": [
        1
      ]
    },
    "3,3",
    {
      "x": 2.1500000000000004
    },
    "4,5",
    {
      "x": 5.35
    },
    "8,3",
    "8,2"
  ],
  [
    {
      "y": -0.9900000000000002,
      "x": 9.83
    },
    "9,5"
  ],
  [
    {
      "y": -0.8849999999999998,
      "x": 2.5
    },
    "3,2",
    {
      "x": 1
    },
    "3,4",
    {
      "x": 6.5
    },
    "8,4"
  ],
  [
    {
      "y": -0.875,
      "x": 5.5
    },
    "3,5",
    {
      "x": 4.5
    },
    "8,5"
  ],
  [
    {
      "y": -0.9500000000000002,
      "x": 1.5
    },
    "3,1"
  ],
  [
    {
      "y": -0.9249999999999998,
      "x": 15
    },
    "8,1"
  ],
  [
    {
      "y": -0.875,
      "x": 0.5,
      "f": 5,
      "fa": [
        1
      ]
    },
    "3,0",
    {
      "x": 14.5
    },
    "8,0"
  ],
  [
    {
      "x": 3,
      "f": 9,
      "fa": [
        1
      ]
    },
    "4,1",
    "4,2",
    {
      "x": 7.5
    },
    "9,2"
  ],
  [
    {
      "rx": 0.25,
      "y": 4.5,
      "x": 13.25
    },
    "9,1"
  ],
  [
    {
      "rx": 5,
      "ry": 4.5
    },
    "4,3"
  ],
  [
    {
      "rx": 10,
      "x": 1.5
    },
    "9,3"
  ],
  [
    {
      "r": 30,
      "rx": 6.25,
      "y": -0.4800000000000004,
      "x": 0.40000000000000036,
      "h": 1.25
    },
    "4,4"
  ],
  [
    {
      "r": -30,
      "rx": 8.75,
      "y": 0.6699999999999999,
      "x": 0.7100000000000009,
      "f": 8,
      "fa": [
        1
      ],
      "h": 1.25
    },
    "9,4"
  ]
]
    }
}
